country,2018_citizen,2018_not_granted,2018_other_closures,2018_total,2019_citizen,2019_not_granted,2019_other_closures,2019_total,2020_citizen,2020_not_granted,2020_other_closures,2020_total,2021_citizen,2021_not_granted,2021_other_closures,2021_total,2022_citizen,2022_not_granted,2022_other_closures,2022_total,2023_citizen,2023_not_granted,2023_other_closures,2023_total,2024_citizen,2024_not_granted,2024_other_closures,2024_total,2025_jan_mar_citizen,2025_jan_mar_not_granted,2025_jan_mar_other_closures,2025_jan_mar_total
Afghanistan,1336,45,6,1387,1973,55,4,2032,852,12,0,864,1115,19,4,1138,3958,54,18,4030,4176,92,58,4326,3672,57,91,3820,1253,18,20,1291
Albania,451,4,0,455,632,3,2,637,277,0,0,277,327,3,0,330,1051,6,6,1063,977,2,7,986,788,7,16,811,177,1,1,179
Algeria,3332,18,4,3354,4237,16,1,4254,1592,3,3,1598,1543,4,4,1551,5200,17,8,5225,5458,31,30,5519,4779,19,51,4849,927,4,9,940
Angola,45,1,0,46,51,0,0,51,21,0,0,21,36,0,0,36,2,84,1,87,102,4,2,108,121,3,3,127,98,0,0,98
Antigua and Barbuda,21,0,0,21,26,0,0,26,6,1,0,7,16,0,0,16,59,1,1,61,58,0,1,59,84,1,2,87,13,1,2,16
Argentina,199,0,0,199,316,0,0,316,152,0,0,152,163,0,0,163,575,1,1,577,544,3,8,555,449,1,5,455,117,0,0,117
Armenia,213,1,1,215,328,2,0,330,187,0,0,187,264,0,0,264,413,2,3,418,307,1,5,313,168,0,3,171,48,0,1,49
Australia,609,0,3,612,857,2,1,860,324,0,0,324,541,0,3,544,1652,1,15,1668,1686,3,18,1707,1464,2,20,1486,257,1,1,259
Austria,41,0,1,42,56,0,0,56,17,0,0,17,28,0,1,29,63,0,1,64,63,0,2,65,53,0,2,55,7,0,0,7
Azerbaijan,103,2,1,106,134,2,0,136,70,1,0,71,90,0,0,90,386,1,0,387,400,2,2,404,486,2,18,506,142,1,3,146
Azores,48,0,1,49,127,0,0,127,46,0,1,47,44,0,0,44,154,2,6,162,125,0,2,127,135,0,3,138,26,1,2,29
"Bahama Islands, The",42,1,0,43,65,0,0,65,31,1,0,32,40,0,0,40,150,,,150,153,3,1,157,228,1,5,234,66,0,1,67
Bahrain,102,0,0,102,126,0,0,126,56,0,0,56,80,0,0,80,182,0,1,183,185,1,2,188,192,1,3,196,34,0,1,35
Bangladesh,3220,22,7,3249,3586,24,13,3623,1510,5,5,1520,1661,11,2,1674,5061,22,9,5092,4564,33,50,4647,3474,24,46,3544,785,14,10,809
Barbados,56,0,1,57,97,2,0,99,65,0,0,65,82,0,0,82,266,0,2,268,230,0,3,233,264,1,3,268,62,0,1,63
Belarus,252,0,3,255,310,1,1,312,180,0,1,181,201,0,0,201,542,1,3,546,413,2,3,418,296,1,4,301,61,0,0,61
Belgium,269,1,1,271,396,0,0,396,182,0,1,183,212,0,0,212,561,3,3,567,607,2,5,614,626,1,9,636,125,1,3,129
Belize,38,0,0,38,52,0,0,52,23,0,0,23,37,0,0,37,63,,,63,50,,,50,72,0,1,73,13,0,0,13
Bermuda,21,0,0,21,18,0,0,18,6,0,0,6,15,0,0,15,40,1,0,41,34,0,2,36,34,0,2,36,10,0,0,10
Bhutan,285,14,0,299,292,16,1,309,90,3,1,94,126,1,0,127,215,4,3,222,308,4,12,324,220,4,5,229,31,1,2,34
Bolivia,101,0,1,102,109,1,4,114,48,0,0,48,90,0,0,90,174,1,1,176,138,0,3,141,153,1,2,156,34,0,0,34
Bosnia-Hercegovina,151,2,2,155,192,0,0,192,97,0,1,98,150,0,1,151,311,4,3,318,258,1,3,262,168,4,4,176,50,1,2,53
"Botswana, Republic of",113,0,0,113,93,0,0,93,35,0,0,35,35,0,0,35,92,1,1,94,98,0,2,100,102,2,0,104,20,0,1,21
Brazil,1288,4,4,1296,2036,5,6,2047,840,2,0,842,1349,1,2,1352,5276,7,10,5293,6853,10,29,6892,9360,5,52,9417,2172,4,10,2186
Brunei,17,1,0,18,22,0,0,22,8,0,0,8,8,0,0,8,21,0,0,21,22,0,0,22,16,0,1,17,11,0,0,11
Bulgaria,404,0,1,405,460,3,0,463,175,0,1,176,223,2,0,225,447,1,4,452,282,3,7,292,190,1,13,204,45,2,0,47
Burkina-Faso,284,1,1,286,281,1,0,282,113,1,0,114,143,0,2,145,361,2,0,363,341,1,1,343,385,5,3,393,89,1,1,91
Burundi,496,9,3,508,622,9,2,633,275,0,1,276,325,1,6,332,1091,20,10,1121,1740,17,19,1776,1792,16,25,1833,512,11,10,533
Cambodia,199,13,2,214,287,19,1,307,96,1,0,97,130,2,1,133,319,7,1,327,372,14,10,396,275,10,12,297,59,2,2,63
Cayman Islands,9,0,0,9,13,0,0,13,8,0,0,8,6,0,0,6,19,0,0,19,12,0,1,13,19,0,0,19,3,0,0,3
Central African Republic,35,0,0,35,39,4,0,43,38,0,1,39,40,1,0,41,179,6,0,185,248,8,10,266,212,10,10,232,60,2,2,64
"Chad, Republic of",61,1,2,64,101,1,0,102,22,0,0,22,35,1,1,37,235,3,3,241,235,3,4,242,210,12,4,226,91,6,8,105
Channel Islands,3,0,0,3,13,0,0,13,7,0,0,7,6,0,0,6,12,1,0,13,11,0,0,11,13,0,0,13,4,0,0,4
Chile,196,2,2,200,276,1,0,277,132,0,0,132,155,1,1,157,537,2,0,539,571,3,7,581,624,2,12,638,127,0,2,129
Colombia,2521,22,5,2548,3209,11,10,3230,1196,2,3,1201,1469,8,2,1479,4329,17,18,4364,3745,40,31,3816,4069,38,52,4159,1150,18,11,1179
Comoros,18,1,0,19,6,0,0,6,5,0,0,5,8,0,0,8,17,0,0,17,16,0,1,17,9,0,0,9,4,0,0,4
"Congo, Democratic Republic of the",1058,24,11,1093,1403,33,20,1456,604,3,15,622,754,13,15,782,2417,38,23,2478,2627,41,44,2712,2351,36,80,2467,650,16,20,686
"Congo, People's Republic of the",120,2,1,123,140,2,3,145,59,0,1,60,71,1,0,72,258,5,0,263,246,2,5,253,224,1,4,229,73,5,0,78
Costa Rica,81,0,1,82,128,1,1,130,59,0,0,59,71,1,0,72,203,3,0,206,209,2,3,214,225,3,1,229,51,0,2,53
Croatia,122,1,0,123,251,0,0,251,148,0,0,148,180,1,0,181,527,2,4,533,369,4,7,380,323,1,1,325,57,0,2,59
Cuba,766,0,2,768,965,8,2,975,421,1,1,423,501,6,0,507,1351,4,5,1360,1205,10,23,1238,965,13,24,1002,204,6,2,212
Cyprus,24,0,0,24,40,0,0,40,17,0,0,17,18,0,0,18,59,0,0,59,63,0,3,66,41,0,0,41,12,0,0,12
Czech Republic,127,1,1,129,214,0,2,216,93,0,0,93,145,0,1,146,387,1,2,390,319,1,2,322,311,0,4,315,53,0,0,53
Czechoslovakia,19,0,0,19,36,0,0,36,14,0,0,14,32,0,0,32,60,0,0,60,43,0,2,45,35,0,1,36,4,0,0,4
Democratic Republic of Sudan,437,16,0,453,645,26,0,671,280,1,2,283,401,5,7,413,1403,17,14,1434,1539,33,40,1612,1457,40,44,1541,331,5,10,346
Denmark,145,0,1,146,137,0,0,137,54,0,0,54,67,1,0,68,164,0,2,166,168,0,3,171,139,6,0,145,23,0,0,23
Dominica,23,0,0,23,24,0,0,24,13,0,0,13,17,0,0,17,63,0,1,64,71,0,1,72,5,0,0,5,16,0,0,16
Dominican Republic,340,4,0,344,531,6,2,539,263,2,0,265,267,4,7,278,896,6,5,907,917,9,10,936,937,1,29,967,218,4,4,226
Ecuador,246,2,3,251,347,0,2,349,124,0,0,124,198,0,0,198,477,0,1,478,529,1,6,536,646,4,11,661,147,1,0,148
Egypt,4100,21,21,4142,4096,21,20,4137,1498,8,8,1514,1874,17,3,1894,5216,26,22,5264,4440,42,43,4525,3337,36,51,3424,734,8,14,756
El Salvador,476,2,0,478,705,4,5,714,252,1,0,253,330,1,0,331,1054,6,8,1068,1019,18,4,1041,1048,9,30,1087,246,0,5,251
Eritrea,644,21,5,670,1130,39,5,1174,481,8,1,490,721,13,1,735,3119,48,33,3200,5309,66,72,5447,4113,95,76,4284,733,25,16,774
Estonia,21,0,0,21,32,0,0,32,5,9,0,14,16,9,0,25,50,1,0,51,41,0,1,42,36,0,0,36,9,0,0,9
Ethiopia,1115,46,6,1167,1513,34,11,1558,575,7,6,588,774,9,6,789,3097,29,25,3151,3428,48,60,3536,2732,43,55,2830,669,14,8,691
Federal Republic of Germany,2151,10,5,2166,2457,7,5,2469,939,5,3,947,1091,11,4,1106,3540,16,7,3563,3319,18,22,3359,3470,30,37,3537,724,3,18,745
France,893,2,4,899,1150,2,7,1159,438,0,4,442,688,2,7,697,1265,3,28,1296,1267,2,50,1319,2389,3,30,2422,1120,1,6,1127
United States of America,19,0,0,19,1,0,0,1,2,0,0,2,1,0,0,1,1,0,0,1,5,0,0,5,0,0,0,0,0,0,0,0
Fiji,174,1,0,175,235,2,3,240,100,2,0,102,7,0,0,7,350,1,7,358,316,0,2,318,196,4,6,206,59,1,1,61
Finland,40,9,9,58,79,0,0,79,27,1,0,28,9,0,0,9,107,0,0,107,129,0,1,130,113,0,3,116,15,1,0,16
France,3832,11,11,3854,5494,7,13,5514,2313,1,3,2317,2732,6,4,2742,8166,16,48,8230,8251,9,64,8324,9246,34,139,9419,2039,5,35,2079
French Guiana,2,0,0,2,2,0,0,2,7,0,0,7,1,0,0,1,41,,,11,17,0,1,18,13,0,0,13,1,0,0,1
French Polynesia,4,0,0,4,14,0,0,14,7,0,0,7,4,0,0,4,37,,,17,26,0,0,26,29,0,0,29,8,0,0,8
Slovak Republic,63,0,1,64,95,0,1,96,34,0,0,34,38,0,0,38,114,1,1,116,78,0,1,79,95,0,0,95,16,0,0,16
Zambia,40,1,0,41,30,0,0,30,22,0,0,22,22,0,0,22,80,,,80,67,3,0,70,89,1,0,90,15,0,0,15
Georgia,98,1,4,103,138,3,0,141,53,0,0,53,73,2,0,75,216,0,1,217,207,3,3,213,235,6,3,244,86,3,1,90
Ghana,470,5,4,479,567,8,4,579,258,0,1,259,392,6,2,400,1155,5,6,1166,1253,20,13,1286,1367,12,19,1398,306,1,3,310
Greece,224,1,0,225,388,1,2,391,161,1,0,162,213,3,1,217,515,0,5,520,461,2,7,470,388,0,7,395,99,0,1,100
Grenada,44,9,9,62,144,0,0,144,66,0,1,67,65,0,1,66,199,3,3,205,195,3,6,204,180,3,2,185,40,0,1,41
Guadeloupe,21,0,0,21,35,0,0,35,12,0,0,12,22,0,0,22,44,,,44,50,0,0,50,47,0,1,48,14,0,2,16
Guatemala,182,3,1,186,296,1,1,298,115,0,0,115,121,1,0,122,378,3,4,385,367,5,7,379,309,2,10,321,98,1,4,103
"Guinea, Republic of",352,4,3,359,361,2,4,367,145,2,1,148,147,2,0,149,523,7,0,530,508,11,11,530,493,13,23,529,101,4,7,112
Guinea-Bissau,4,0,0,4,5,0,0,5,3,0,0,3,2,0,0,2,8,,,8,6,0,0,6,7,0,0,7,0,0,0,0
Guyana,450,5,7,462,726,4,5,735,314,1,1,316,381,2,1,384,1087,8,9,1104,978,12,26,1016,803,5,16,824,158,1,3,162
Haiti,3104,42,8,3154,4105,71,16,4192,1437,11,5,1453,1334,23,9,1366,4552,40,24,4616,4282,60,125,4467,3369,46,170,3585,1190,19,40,1249
Honduras,235,2,1,238,410,2,0,412,154,1,1,156,170,0,1,171,538,2,8,548,478,6,7,491,448,3,9,460,139,1,4,144
Hong Kong,724,6,4,734,1027,3,2,1032,402,1,2,405,658,1,3,662,1824,10,8,1842,1988,3,22,2013,1739,5,24,1768,382,2,5,389
Hungary,200,1,0,201,321,3,4,328,154,0,0,154,201,1,2,204,541,5,4,550,434,5,12,451,450,1,9,460,142,1,3,146
Iceland,19,0,0,19,22,0,0,22,6,0,0,6,6,0,0,6,33,1,0,34,20,0,0,20,26,0,0,26,2,0,0,2
India,19312,133,51,19496,31060,147,56,31263,15292,47,41,15380,20709,72,42,20823,59163,167,248,59578,78180,222,571,78973,87653,220,973,88846,20255,49,250,20554
Iran,10011,58,24,10093,14013,53,24,14090,4873,20,6,4899,4840,43,16,4899,13048,53,38,13139,10724,63,130,10917,10333,65,199,10597,3045,22,74,3141
Iraq,3929,85,17,4031,5038,123,22,5183,1999,46,7,2052,2252,36,9,2297,7735,83,23,7841,6097,82,71,6250,3661,91,91,3843,701,38,19,758
Israel,707,1,4,712,1065,4,0,1069,542,0,0,542,741,1,1,743,1751,8,11,1770,1457,7,11,1475,1249,10,9,1268,247,3,2,252
Italy,529,0,2,531,801,3,1,805,394,0,1,395,457,2,0,459,1242,5,7,1254,1254,3,18,1275,1230,11,16,1257,271,3,5,279
Jamaica,1705,7,2,1714,2724,17,9,2750,1408,8,1,1417,1746,16,2,1764,5409,44,37,5490,5122,43,56,5221,5408,47,84,5539,1172,14,18,1204
Japan,189,0,1,190,263,3,6,272,116,0,0,116,128,1,2,131,277,0,8,285,249,0,19,268,252,1,15,268,50,0,1,51
Jordan,912,13,4,929,1058,7,2,1067,643,4,6,653,746,5,7,758,1862,11,14,1887,1386,14,15,1415,1037,9,19,1065,209,3,1,213
Kazakhstan,377,2,0,379,471,3,0,474,232,2,0,234,319,0,0,319,779,2,5,786,664,2,9,675,630,3,9,642,178,0,5,183
Kenya,703,12,4,719,844,7,5,856,348,8,2,358,503,8,6,517,1113,10,5,1128,1119,12,16,1147,1164,12,20,1196,298,5,12,315
"Korea, People's Democratic Republic of",3,0,0,3,3,10,1,14,2,0,0,2,2,1,0,3,14,0,1,15,8,1,0,9,10,0,0,10,4,0,0,4
"Korea, Republic of",2385,12,10,2407,3345,11,18,3374,1242,4,8,1254,1384,10,17,1411,2565,4,72,2641,2182,3,86,2271,2341,6,86,2433,490,0,20,510
"Kosovo, Republic of",116,4,0,120,151,3,1,155,55,0,0,55,102,1,0,103,270,4,2,276,275,2,5,282,227,3,3,233,47,1,2,50
Kuwait,722,13,5,740,820,5,7,832,332,1,1,334,416,1,0,417,1145,4,3,1152,1028,4,7,1039,863,5,18,886,209,2,7,218
Kyrgyzstan,180,0,0,180,144,0,0,144,109,1,0,110,175,0,0,175,302,1,0,303,214,2,1,217,159,1,4,164,52,0,0,52
Laos,17,2,0,19,27,1,0,28,9,0,0,9,15,0,0,15,33,0,2,35,55,2,1,58,35,1,0,36,7,0,0,7
Latvia,126,2,0,128,133,0,0,133,54,1,0,55,84,0,0,84,196,0,1,197,125,0,1,126,105,1,0,106,35,0,2,37
Lebanon,2136,37,15,2188,2588,41,4,2633,1103,12,7,1122,1256,15,9,1280,3478,27,13,3518,3162,39,31,3232,2787,15,44,2846,670,9,9,688
Liberia,63,1,2,66,81,0,1,82,26,0,0,26,30,5,1,36,128,5,4,137,123,1,2,126,107,6,6,119,32,1,2,35
Libya,392,5,0,397,514,1,0,515,190,0,0,190,287,4,0,291,1046,9,3,1058,846,8,13,867,845,2,26,873,217,7,5,229
Lithuania,45,0,1,46,79,1,0,80,49,0,0,49,50,0,0,50,97,0,2,99,102,1,0,103,66,0,1,67,17,0,0,17
Luxembourg,15,0,0,15,19,0,0,19,8,0,0,8,11,0,0,11,16,0,0,16,18,,,18,15,0,0,15,10,0,0,10
Macao,28,2,0,30,53,0,1,54,7,0,0,7,19,1,0,20,64,0,1,65,48,0,1,49,43,0,2,45,7,0,0,7
Macedonia,109,1,0,110,139,0,0,139,69,0,0,69,93,0,0,93,194,0,0,194,133,1,1,135,125,1,4,130,26,0,0,26
Madagascar,210,0,0,210,186,0,0,186,61,0,0,61,71,0,0,71,250,1,0,251,198,1,3,202,270,1,3,274,76,0,0,76
Malawi,29,0,0,29,23,0,0,23,7,0,0,7,12,1,0,13,39,1,0,40,55,0,3,58,54,6,1,61,12,0,0,12
Malaysia,320,1,1,322,412,2,3,417,139,0,1,140,206,2,0,208,524,0,4,528,472,4,8,484,423,5,15,443,89,0,0,89
"Maldives, Republic of",1,0,0,1,1,0,0,1,0,0,0,0,3,0,0,3,5,,,5,,,,4,3,0,0,3,0,0,0,0
"Mali, Republic of",160,3,0,163,181,3,1,185,104,0,0,104,105,1,1,107,284,2,0,286,296,6,2,304,282,1,13,296,70,0,0,70
Malta,16,0,0,16,14,0,0,14,9,9,0,18,12,0,0,12,23,0,0,23,20,,,20,18,0,0,18,6,0,1,7
Martinique,21,0,0,21,37,0,0,37,16,0,0,16,12,0,0,12,3,16,25,44,45,0,2,47,51,0,1,52,6,0,1,7
Mauritania,57,1,0,58,92,1,0,93,25,0,0,25,31,0,0,31,3,,,97,95,6,4,105,93,1,2,96,29,0,2,31
Uerifius /fa,704,2,1,707,735,5,2,742,325,0,0,325,339,9,0,348,1013,1,1,1015,979,3,2,984,825,4,8,837,203,0,3,206
Eritrea,2389,17,3,2409,3730,22,12,3764,1516,7,3,1526,1731,5,4,1740,4713,23,19,4755,4201,30,55,4286,4876,26,66,4968,1327,7,22,1356
Moldova,1019,1,0,1020,1154,1,0,1155,561,1,0,562,572,2,0,574,1252,2,1,1255,750,1,4,755,486,0,9,495,67,0,0,67
Monaco,6,0,0,6,6,0,0,6,4,0,0,4,7,0,0,7,10,0,0,10,15,0,0,15,10,0,0,10,0,0,0,0
"Mongolia, People's Republic of",61,9,9,79,79,1,1,81,40,0,0,40,0,9,0,9,191,0,1,192,136,1,1,138,157,0,5,162,42,0,0,42
"Montenegro, Republic of",25,0,0,25,18,0,0,18,7,0,0,7,6,2,0,8,22,0,0,22,19,1,0,20,19,0,0,19,2,0,0,2
Morocco,2914,27,8,2949,3595,20,9,3624,1342,8,0,1350,1296,10,2,1308,4188,11,9,4208,4839,26,26,4891,4537,27,48,4612,860,4,6,870
Mozambique,14,0,0,14,12,0,0,12,8,0,0,8,8,0,0,8,24,1,1,26,42,0,1,43,37,0,0,37,10,0,0,10
Myanmar (Burma),186,8,0,194,316,11,1,328,127,2,0,129,167,3,1,171,338,4,1,343,349,9,13,371,331,7,8,346,92,2,2,96
Namibia,54,9,9,72,113,3,0,116,41,1,0,42,35,0,0,35,143,2,1,146,175,4,3,182,155,3,8,166,32,0,0,32
Nepal,1001,19,9,1029,1629,12,29,1670,555,1,10,566,541,2,7,550,1543,10,12,1565,1575,10,20,1605,1810,7,26,1843,343,4,3,350
New Caledonia,4,0,0,4,19,0,0,19,2,0,0,2,9,0,0,9,11,0,0,11,25,1,0,26,27,0,0,27,11,0,0,11
New Zealand,203,1,2,206,274,0,2,276,96,0,0,96,159,0,0,159,416,0,6,422,511,7,9,527,398,0,6,404,72,0,2,74
Nicaragua,61,2,0,63,104,0,0,104,40,0,0,40,62,0,0,62,153,0,0,153,145,1,2,148,234,0,3,237,107,1,0,108
Nigeria,4359,34,11,4404,4975,26,15,5016,2263,15,3,2281,3248,18,6,3272,12579,53,17,12649,14204,54,53,14311,13184,56,342,13582,4302,30,122,4454
Norway,26,0,0,26,23,0,0,23,23,2,0,25,65,0,0,65,165,0,2,167,150,4,3,157,107,2,3,112,30,0,1,31
Oman,86,0,1,87,98,0,0,98,42,0,0,42,41,0,0,41,173,3,0,176,189,1,5,195,159,0,0,159,48,0,0,48
Pakistan,9370,65,35,9470,11141,50,25,11216,4719,17,9,4745,5529,30,14,5573,15168,77,44,15289,13345,142,135,13622,10835,108,151,11094,2464,42,44,2550
Palestinian Authority (Gaza/West Bank),249,2,0,251,260,7,3,270,126,6,1,133,170,3,1,174,494,5,4,503,441,3,12,456,354,6,9,369,98,0,2,100
"Mali, Republic of",28,5,0,33,34,1,0,35,14,0,0,14,28,0,0,28,95,0,0,95,89,0,1,90,103,1,3,107,27,0,0,27
Guinea New ‘apua,8,0,0,8,7,0,0,7,2,0,0,2,5,0,0,5,9,,,9,11,0,0,11,9,0,0,9,2,0,0,2
Paraguay,23,9,9,41,91,0,0,91,28,0,0,28,54,0,1,55,56,2,1,59,57,0,2,59,70,2,0,72,15,0,0,15
Peoples Republic of Benin,354,1,1,356,364,0,0,364,159,0,0,159,143,3,1,147,481,1,0,482,567,1,1,569,456,6,2,464,76,0,1,77
People's Republic of China,9642,70,156,9868,13359,52,192,13603,4641,13,63,4717,5122,23,153,5298,10765,86,541,11392,12605,93,817,13515,14139,71,755,14965,2751,20,187,2958
Peru,460,2,2,464,702,4,0,706,293,0,2,295,346,3,1,350,1018,5,4,1027,922,6,9,937,852,4,23,879,196,3,3,202
Philippines,19477,78,21,19576,33684,61,38,33783,15892,19,9,15920,18139,32,23,18194,41376,102,122,41600,36704,105,191,37000,37800,102,199,38101,8540,21,45,8606
Poland,574,3,1,578,886,1,2,889,373,1,0,374,451,1,1,453,1310,3,8,1321,1047,3,16,1066,962,1,16,979,194,0,3,197
Portugal,276,4,3,283,654,1,1,656,279,1,2,282,343,1,2,346,932,2,13,947,1096,4,26,1126,1197,5,28,1230,257,2,11,270
Puerto Rico,9,0,0,9,17,0,0,17,7,0,0,7,5,0,0,5,13,0,0,13,28,,,28,15,0,0,15,2,0,0,2
Qatar,209,0,0,209,224,0,0,224,108,0,0,108,123,1,2,126,476,1,1,478,426,0,2,428,409,0,3,412,80,0,1,81
Republic of Djibouti,154,1,0,155,218,1,1,220,61,0,0,61,68,2,1,71,254,2,0,256,364,9,4,377,347,6,9,362,108,5,0,113
Republic of Indonesia,226,3,1,230,295,2,6,303,118,0,0,118,151,0,2,153,398,3,3,404,441,10,4,455,429,5,10,444,85,3,3,91
"Korea, Republic of",712,4,0,716,1222,1,1,1224,465,0,0,465,595,2,0,597,1547,9,21,1577,1510,7,27,1544,1566,1,18,1585,333,2,9,344
"Togo, Republic of",1261,9,5,1275,1704,4,1,1709,644,1,3,648,781,2,4,787,2414,12,7,2433,2444,8,19,2471,2362,12,31,2405,388,3,3,394
Republic of South Africa,1219,4,1,1224,1451,4,3,1458,547,1,5,553,840,5,2,847,2496,1,6,2503,2656,2,9,2667,2588,5,16,2609,497,0,3,500
Republic of Ireland,0,0,0,0,0,0,0,0,0,0,0,0,1,0,0,1,1,0,0,1,0,,,0,2,0,0,2,0,0,0,0
Republic of the Niger,63,1,0,64,110,0,0,110,38,0,0,38,31,0,0,31,124,2,1,127,120,0,3,123,106,6,0,112,24,0,1,25
Reunion,18,0,0,18,39,0,0,39,6,0,0,6,13,0,0,13,44,0,1,45,52,,,52,64,0,2,66,14,0,0,14
Romania,1157,1,7,1165,1570,3,5,1578,577,1,0,578,683,2,1,686,1444,4,8,1456,1166,5,18,1189,847,6,14,867,157,2,4,163
Russia,1907,8,5,1920,2290,9,10,2309,952,0,3,955,1212,6,2,1220,2994,10,12,3016,2747,5,28,2780,2266,6,32,2304,498,4,9,511
Rwanda,377,6,1,384,338,5,0,343,152,0,1,153,162,2,1,165,543,4,2,549,609,7,6,622,736,10,18,764,210,1,4,215
Saudi Arabia,1290,8,3,1301,1507,11,12,1530,600,2,2,604,900,10,6,916,3149,14,10,3173,3347,11,33,3391,3230,27,36,3293,850,8,11,869
Senegal,667,4,4,675,802,6,2,810,304,0,0,304,287,3,2,292,897,2,3,902,936,7,7,950,741,6,14,761,209,3,6,218
Serbia and Montenegro,61,0,1,62,71,0,0,71,31,0,0,31,34,0,0,34,60,0,1,61,45,1,0,46,34,0,2,36,4,0,3,7
"Korea, Republic of",222,0,0,222,322,1,1,324,179,1,0,180,213,1,0,214,649,0,7,656,538,3,9,550,453,0,3,456,92,1,2,95
Seychelles,2,0,0,2,13,0,0,13,4,0,0,4,9,0,0,9,9,0,0,9,14,0,0,14,12,0,0,12,0,0,0,0
Sierra Leone,65,1,1,67,74,0,2,76,24,1,0,25,26,2,0,28,114,4,1,119,118,1,2,121,94,0,4,98,33,0,0,33
Singapore,159,3,0,162,199,4,0,203,94,0,0,94,142,1,1,144,287,1,3,291,306,2,8,316,239,0,6,245,48,0,1,49
Sint-Maarten,0,0,0,0,0,0,0,0,9,0,0,9,0,0,0,0,0,,,0,0,0,0,0,1,0,0,1,1,0,0,1
Slovak Republic,68,0,2,70,139,1,1,141,60,0,0,60,64,0,0,64,233,1,1,235,300,0,3,303,211,1,2,214,43,0,1,44
Slovenia,13,0,0,13,38,,4,39,8,0,0,8,24,1,0,25,54,,,24,13,9,2,24,27,0,0,27,11,0,0,11
Socialist Republic of Vietnam,1716,42,7,1765,2569,25,12,2606,1140,13,8,1161,1498,5,6,1509,4393,45,45,4483,5368,43,62,5473,5862,49,82,5993,1202,17,12,1231
"Somalia, Democratic Republic of",986,56,6,1048,1303,47,15,1365,465,9,3,477,570,17,13,600,1962,38,19,2019,2411,44,52,2507,1643,43,56,1742,371,20,9,400
Democratic Republic of Sudan,16,1,0,17,17,9,9,35,8,0,0,8,2,1,0,3,76,0,3,79,110,3,1,114,151,2,4,157,28,0,2,30
Spain,323,0,1,324,516,0,1,517,201,0,0,201,275,0,0,275,725,1,5,731,594,1,4,599,575,3,5,583,108,0,1,109
Sri Lanka,1700,24,7,1731,2462,27,3,2492,1032,7,2,1041,972,11,2,985,3174,33,14,3221,3615,69,47,3731,3650,51,68,3769,892,11,13,916
St. Kitts-Nevis,5,0,0,5,11,0,0,11,3,0,0,3,5,9,0,14,25,0,1,26,28,,,28,26,0,1,27,13,0,0,13
St. Lucia,141,9,9,159,341,1,0,342,125,0,0,125,160,3,2,165,464,9,2,475,316,5,5,326,357,9,2,368,103,1,1,105
St. Vincent and the Grenadines,166,3,9,178,327,5,1,333,163,1,0,164,161,3,0,164,478,7,2,487,475,8,10,493,479,10,10,499,135,2,2,139
Surinam,10,0,0,10,15,0,0,15,8,0,0,8,7,0,0,7,21,0,1,22,28,,,28,22,0,0,22,2,0,0,2
Swaziland,16,9,9,34,13,9,9,31,12,1,0,13,8,1,0,9,34,1,0,35,37,0,1,38,34,0,0,34,7,0,0,7
Sweden,66,9,9,84,113,9,9,131,57,1,0,58,83,0,0,83,194,0,0,194,211,8,6,225,205,5,4,214,37,1,2,40
Switzerland,206,0,1,207,275,3,0,278,87,0,0,87,140,0,4,144,322,0,2,324,358,0,6,364,320,2,8,330,81,2,1,84
Syria,1595,20,8,1623,6450,53,33,6536,7221,32,54,7307,10031,64,48,10143,20483,157,53,20693,13015,215,104,13334,6953,168,129,7250,1159,66,29,1254
Taiwan,956,3,3,962,976,3,1,980,301,3,0,304,463,0,2,465,1186,6,6,1198,1283,6,8,1297,866,2,13,881,129,0,1,130
Tajikistan,35,9,9,53,60,9,9,78,31,0,0,31,36,0,1,37,117,,,117,110,1,2,113,109,1,2,112,24,0,0,24
Thailand,457,3,4,464,814,3,21,838,317,2,7,326,391,4,8,403,844,13,17,874,872,10,20,902,755,7,13,775,142,0,5,147
The Netherlands,371,3,3,377,426,1,4,431,161,0,2,163,312,0,2,314,512,1,7,520,535,3,9,547,520,14,18,552,87,7,6,100
Tibet,22,9,9,40,61,2,0,63,21,0,0,21,23,0,0,23,63,1,0,64,43,0,0,43,34,0,0,34,12,1,0,13
"Togo, Republic of",249,9,9,267,377,2,0,379,138,0,0,138,130,0,0,130,441,3,1,445,545,1,6,552,486,1,7,494,92,0,0,92
"Trinidad and Tobago, Republic of",313,3,3,319,571,3,0,574,214,0,0,214,265,1,0,266,834,5,3,842,883,4,6,893,833,7,15,855,181,0,4,185
Tunisia,1344,5,1,1350,1692,11,1,1704,629,1,0,630,686,4,0,690,2418,11,5,2434,2806,6,12,2824,2909,12,32,2953,749,3,7,759
Turkey,772,9,6,787,998,15,4,1017,503,5,2,510,666,4,6,676,3091,18,10,3119,3343,44,36,3423,4351,42,55,4448,1154,11,17,1182
Turkmenistan,21,0,0,21,22,0,0,22,11,0,0,11,10,0,0,10,65,0,0,65,39,1,1,41,53,0,1,54,8,0,0,8
Uganda,261,2,3,266,294,2,0,296,109,0,0,109,201,0,0,201,628,8,3,639,701,12,15,728,869,6,16,891,305,4,4,313
Ukraine,2327,9,3,2339,3016,9,2,3027,1334,2,2,1338,1896,3,1,1900,5165,11,8,5184,4015,10,24,4049,4150,8,30,4188,806,3,18,827
Union of Soviet Socialist Republics,472,0,1,473,765,2,0,767,406,0,0,406,600,0,0,600,1577,0,2,1579,1339,6,10,1355,751,1,5,757,161,0,1,162
United Arab Emirates,1593,14,7,1614,1847,3,5,1855,771,1,0,772,987,2,4,993,3182,4,3,3189,3154,7,12,3173,2618,9,17,2644,592,3,5,600
United Kingdom and Overseas Territories,3504,9,10,3523,4827,2,10,4839,2011,1,7,2019,3027,4,6,3037,6865,18,55,6938,6759,14,83,6856,6891,7,94,6992,1357,2,26,1385
United Republic of Tanzania,147,6,1,154,216,2,5,223,87,1,3,91,129,3,1,133,391,10,4,405,405,4,16,425,510,2,13,525,122,4,5,131
United States of America,4102,23,39,4164,5502,19,28,5549,2355,11,12,2378,3386,10,19,3415,9150,22,64,9236,8587,19,147,8753,9523,33,214,9770,2125,14,47,2186
Uruguay,43,0,0,43,78,0,0,78,26,0,0,26,40,0,0,40,132,0,1,133,106,1,3,110,95,0,2,97,24,0,0,24
Uzbekistan,183,4,1,188,263,1,0,264,117,0,0,117,167,0,1,168,493,2,1,496,349,2,2,353,301,3,5,309,87,0,1,88
Venezuela,1272,2,1,1275,1685,1,4,1690,738,0,0,738,788,2,3,793,2475,2,3,2480,2086,6,8,2100,2280,6,30,2316,836,0,7,843
"Yemen, Republic of",215,7,0,222,227,1,4,232,64,2,0,66,140,0,2,142,450,5,5,460,526,2,14,542,572,4,5,581,113,4,4,121
Yugoslavia,100,0,0,100,105,0,0,105,42,0,0,42,36,0,0,36,111,2,3,116,94,0,4,98,65,1,1,67,9,0,0,9
Zambia,75,1,0,76,103,1,0,104,41,0,0,41,58,0,0,58,164,0,0,164,189,2,1,192,122,1,1,124,23,0,0,23
Zimbabwe,360,1,1,362,412,2,1,415,181,0,1,182,223,2,1,226,796,3,2,801,729,1,10,740,751,3,15,769,179,3,6,188
Other Countries,838,2,2,842,1172,6,2,1180,509,2,0,511,563,1,3,567,1571,1,3,1575,1839,1,13,1853,2147,2,8,2157,353,0,4,357
Grand Total,175894,1441,704,178039,249954,1496,883,252333,110519,439,375,111333,136777,737,588,138102,375260,1839,2195,379294,379692,2378,4508,386578,374965,2264,5974,383203,87867,722,1519,90108
