country,2018_approved,2018_refused,2018_total,2019_approved,2019_refused,2019_total,2020_approved,2020_refused,2020_total,2021_approved,2021_refused,2021_total,2022_approved,2022_refused,2022_total,2023_approved,2023_refused,2023_total,2024_approved,2024_refused,2024_total,2025_jan_mar_approved,2025_jan_mar_refused,2025_jan_mar_total
Afghanistan,274,0,274,164,1,165,102,0,102,243,2,245,327,6,333,123,5,128,182,3,185,41,1,42
Albania,40,0,40,37,0,37,20,0,20,18,0,18,45,0,45,40,0,40,29,3,32,7,0,7
Algeria,203,3,206,163,5,168,82,2,84,145,4,149,198,1,199,256,4,260,243,2,245,60,0,60
Angola,27,0,27,18,1,19,16,0,16,24,1,25,27,0,27,18,1,19,31,0,31,4,0,4
Antigua and Barbuda,12,0,12,9,0,9,8,1,9,6,0,6,10,0,10,13,0,13,8,1,9,1,0,1
Argentina,123,0,123,73,1,74,56,0,56,78,0,78,105,2,107,104,3,107,115,0,115,22,0,22
Armenia,20,0,20,10,0,10,6,0,6,5,0,5,14,0,14,25,0,25,10,0,10,8,0,8
Australia,1837,12,1849,1240,14,1254,824,15,839,853,21,874,1499,11,1510,1670,19,1689,1549,1,1550,417,0,417
Austria,111,0,111,61,2,63,63,2,65,51,0,51,118,2,120,74,2,76,108,1,109,26,0,26
Azerbaijan,21,0,21,11,0,11,9,0,9,14,0,14,14,0,14,10,0,10,18,0,18,1,0,1
Azores,22,0,22,8,0,8,3,0,3,5,0,5,8,0,8,3,0,3,10,0,10,3,0,3
"Bahama Islands, The",34,2,36,18,5,23,17,4,21,19,2,21,33,0,33,31,3,34,20,0,20,8,0,8
Bahrain,31,0,31,28,2,30,13,0,13,16,0,16,44,0,44,24,1,25,31,0,31,7,0,7
Bangladesh,189,1,190,137,1,138,101,0,101,106,1,107,182,0,182,173,2,175,144,3,147,27,0,27
Barbados,87,1,88,40,0,40,31,1,32,28,1,29,42,0,42,59,6,65,51,0,51,15,0,15
Belarus,31,0,31,23,0,23,11,0,11,30,0,30,35,0,35,26,0,26,19,9,28,1,0,1
Belgium,228,4,232,139,5,144,96,0,96,116,0,116,176,2,178,191,0,191,177,1,178,32,1,33
Belize,37,2,39,47,7,54,26,6,32,20,10,30,22,3,25,46,4,50,75,2,77,15,0,15
Bermuda,106,0,106,60,0,60,43,1,44,70,5,75,95,0,95,97,3,100,93,0,93,17,0,17
Bhutan,3,0,3,3,0,3,1,0,1,2,0,2,4,0,4,1,0,1,9,0,9,3,0,3
Bolivia,92,12,104,103,23,126,82,28,110,86,21,107,68,9,77,88,22,110,220,1,221,59,0,59
Bosnia-Hercegovina,101,0,101,61,1,62,42,2,44,33,0,33,56,0,56,46,0,46,59,0,59,15,0,15
"Botswana, Republic of",3,0,3,4,0,4,4,0,4,10,0,10,9,0,9,2,0,2,6,0,6,4,0,4
Brazil,177,5,182,105,5,110,112,6,118,96,5,101,187,5,192,171,13,184,212,3,215,49,1,50
Brunei,23,0,23,14,0,14,11,9,20,10,1,11,13,0,13,15,1,16,17,1,18,2,0,2
Bulgaria,61,0,61,46,0,46,31,0,31,37,1,38,55,0,55,61,0,61,62,0,62,14,0,14
Burkina-Faso,18,1,19,15,0,15,12,1,13,15,2,17,30,1,31,35,0,35,40,0,40,3,0,3
Burundi,53,0,53,50,0,50,20,0,20,29,0,29,58,0,58,66,0,66,78,1,79,20,0,20
Cambodia,108,0,108,85,0,85,37,0,37,61,1,62,110,2,112,92,2,94,112,2,114,9,0,9
Cayman Islands,46,0,46,32,0,32,24,2,26,29,2,31,86,0,86,84,0,84,59,0,59,13,1,14
Central African Republic,1,0,1,1,0,1,2,1,3,4,0,4,6,0,6,5,2,7,8,1,9,3,0,3
"Chad, Republic of",39,0,39,32,0,32,11,0,11,27,0,27,47,2,49,75,5,80,67,6,73,9,0,9
Channel Islands,5,0,5,6,2,8,5,1,6,2,0,2,4,0,4,6,0,6,7,0,7,2,0,2
Chile,179,2,181,111,4,115,105,3,108,86,0,86,169,0,169,159,3,162,158,2,160,33,0,33
Colombia,228,3,231,192,4,196,142,5,147,156,0,156,308,3,311,263,8,271,287,7,294,60,0,60
"Congo, Democratic Republic of the",163,8,171,104,4,108,82,1,83,102,2,104,176,0,176,171,7,178,200,15,215,35,0,35
"Congo, People's Republic of the",29,2,31,26,4,30,12,0,12,17,3,20,40,1,41,33,3,36,48,7,55,5,0,5
Costa Rica,102,1,103,39,5,44,47,2,49,65,1,66,109,0,109,140,2,142,123,0,123,28,0,28
Croatia,109,0,109,6,2,8,29,0,29,52,0,52,74,2,76,62,0,62,52,0,52,18,0,18
Cuba,121,2,123,78,1,79,72,0,72,78,4,82,108,9,117,138,3,141,112,1,113,13,0,13
Cyprus,48,0,48,30,0,30,29,0,29,26,1,27,49,0,49,54,1,55,71,0,71,11,0,11
Czech Republic,58,0,58,42,0,42,28,0,28,38,0,38,55,0,55,90,0,90,88,3,91,18,0,18
Czechoslovakia,66,0,66,41,0,41,20,0,20,30,0,30,39,0,39,19,9,28,41,0,41,9,0,9
Democratic Republic of Sudan,210,1,211,137,2,139,77,3,80,123,1,124,167,0,167,222,1,223,218,2,220,49,0,49
Denmark,164,2,166,89,2,91,65,2,67,77,1,78,159,3,162,102,0,102,165,0,165,31,0,31
Dominica,18,0,18,5,0,5,12,0,12,2,0,2,9,0,9,10,0,10,11,0,11,7,0,7
Dominican Republic,128,3,131,71,0,71,60,2,62,73,3,76,111,5,116,140,6,146,147,3,150,25,0,25
Ecuador,109,2,111,63,4,67,55,2,57,52,4,56,113,4,117,88,7,95,82,5,87,22,0,22
Egypt,368,1,369,216,5,221,193,3,196,174,1,175,374,1,375,378,6,384,373,4,377,67,0,67
El Salvador,223,0,223,159,1,160,93,3,96,113,5,118,190,2,192,156,8,164,170,0,170,30,0,30
Eritrea,54,0,54,49,0,49,38,1,39,33,0,33,63,0,63,66,0,66,68,1,69,18,0,18
Estonia,13,0,13,9,0,9,8,0,8,5,0,5,7,0,7,10,0,10,16,0,16,1,0,1
Ethiopia,290,2,292,226,8,234,163,1,164,189,5,194,254,3,257,429,4,433,351,4,355,101,2,103
Federal Republic of Cameroon,102,4,106,58,4,62,82,1,83,61,2,63,119,4,123,197,6,203,177,8,185,24,0,24
Federal Republic of Germany,989,7,996,592,4,596,445,9,454,473,12,485,1095,16,1111,970,28,998,984,4,988,251,0,251
Federated States of Micronesia,0,0,0,0,0,0,0,0,0,0,2,2,0,0,0,1,0,1,0,0,0,9,0,9
Fiji,103,0,103,48,0,48,43,0,43,61,0,61,54,0,54,40,1,41,47,0,47,8,0,8
Finland,93,0,93,38,2,40,35,2,37,62,13,75,120,0,120,91,2,93,93,0,93,22,0,22
France,1228,24,1252,701,13,714,587,9,596,777,26,803,1409,21,1430,1290,31,1321,1253,5,1258,338,0,338
French Guiana,2,0,2,0,0,0,0,0,0,1,0,1,1,0,1,1,0,1,0,0,0,9,0,9
French Polynesia,3,0,3,3,2,5,0,0,0,1,0,1,2,0,2,1,0,1,1,0,1,3,0,3
Gabon Republic,13,0,13,6,0,6,10,0,10,7,0,7,13,0,13,14,0,14,22,1,23,1,1,2
Gambia,14,0,14,18,0,18,14,0,14,8,1,9,8,0,8,28,3,31,28,0,28,8,0,8
Georgia,14,0,14,13,0,13,21,0,21,10,0,10,25,0,25,33,5,38,44,1,45,20,0,20
Ghana,232,6,238,201,8,209,144,2,146,170,1,171,270,7,277,305,10,315,317,12,329,59,1,60
Greece,924,14,938,368,17,385,211,11,222,319,8,327,424,8,432,465,42,507,365,5,370,100,0,100
Grenada,28,0,28,11,1,12,13,0,13,19,0,19,30,0,30,18,0,18,28,0,28,5,0,5
Guadeloupe,6,0,6,1,0,1,3,0,3,2,0,2,8,0,8,3,1,4,4,0,4,4,0,4
Guatemala,119,3,122,84,5,89,52,2,54,52,2,54,91,0,91,89,3,92,109,1,110,37,0,37
"Guinea, Republic of",40,1,41,27,1,28,20,0,20,24,1,25,46,0,46,77,2,79,72,2,74,,,
Guyana,257,2,259,137,0,137,120,1,121,93,1,94,162,0,162,124,2,126,140,1,141,,,
Haiti,493,13,506,311,10,321,200,4,204,275,8,283,386,6,392,410,19,429,484,20,504,65,0,65
Honduras,57,0,57,27,2,29,23,0,23,20,1,21,58,5,63,38,5,43,51,0,51,7,0,7
Hong Kong,3291,6,3297,1284,10,1294,1332,15,1347,2776,17,2793,2261,7,2268,2097,22,2119,1884,2,1886,5,1,6
Hungary,132,2,134,80,1,81,67,0,67,60,1,61,82,5,87,59,3,62,102,1,103,26,1,27
Iceland,19,0,19,8,0,8,3,0,3,5,1,6,1,0,1,17,0,17,14,1,15,2,0,2
India,1856,5,1861,1200,7,1207,871,9,880,972,4,976,1615,3,1618,1454,11,1465,1568,8,1576,373,0,373
Iran,703,0,703,495,3,498,351,0,351,372,2,374,558,0,558,434,3,437,435,3,438,107,0,107
Iraq,302,0,302,216,3,219,152,0,152,173,1,174,233,0,233,292,3,295,260,3,263,36,0,36
Israel,780,8,788,445,14,459,263,11,274,382,3,385,624,3,627,1093,31,1124,724,6,730,190,2,192
Italy,1110,29,1139,520,15,535,427,16,443,389,16,405,682,11,693,579,25,604,750,2,752,206,9,215
Jamaica,580,0,580,402,6,408,268,6,274,286,7,293,433,6,439,418,15,433,464,7,471,93,1,94
Japan,451,3,454,391,1,392,329,5,334,233,1,234,381,6,387,324,6,330,396,1,397,29,9,38
Jordan,234,3,237,142,5,147,149,5,154,106,6,112,283,2,285,272,4,276,264,6,270,68,0,68
Kazakhstan,47,2,49,38,3,41,16,0,16,29,0,29,37,0,37,37,0,37,40,0,40,10,0,10
Kenya,248,3,251,203,4,207,128,3,131,164,5,169,273,5,278,375,2,377,358,9,367,81,1,82
"Korea, People's Democratic Republic of",50,0,50,16,0,16,12,0,12,21,0,21,51,0,51,25,0,25,39,0,39,10,0,10
"Korea, Republic of",1053,3,1056,589,6,595,513,3,516,613,5,618,1337,0,1337,998,5,1003,1089,2,1091,237,0,237
"Kosovo, Republic of",28,0,28,12,0,12,9,0,9,19,0,19,18,1,19,15,0,15,11,0,11,4,0,4
Kuwait,247,1,248,119,1,120,139,1,140,140,2,142,247,0,247,196,3,199,225,0,225,51,0,51
Kyrgyzstan,15,0,15,10,0,10,11,0,11,8,0,8,16,0,16,8,0,8,9,0,9,3,0,3
Laos,59,0,59,25,0,25,14,0,14,26,0,26,47,0,47,49,0,49,46,2,48,10,0,10
Latvia,16,0,16,13,0,13,4,0,4,11,0,11,27,0,27,10,0,10,20,1,21,3,0,3
Lebanon,859,14,873,424,16,440,366,11,377,435,23,458,964,19,983,830,78,908,541,4,545,125,1,126
Liberia,21,0,21,14,1,15,9,0,9,13,0,13,19,1,20,12,1,13,21,0,21,5,0,5
Libya,66,0,66,54,0,54,41,0,41,39,0,39,67,0,67,90,2,92,80,1,81,17,0,17
Liechtenstein,1,0,1,0,0,0,0,0,0,0,0,0,1,0,1,0,0,0,0,0,0,0,0,0
Lithuania,8,0,8,16,0,16,2,0,2,8,0,8,12,0,12,15,0,15,7,0,7,4,0,4
Luxembourg,21,3,24,19,0,19,15,0,15,19,0,19,37,2,39,30,1,31,25,0,25,7,0,7
Macao,71,0,71,25,0,25,23,0,23,29,0,29,26,0,26,36,0,36,48,0,48,14,0,14
Macedonia,24,0,24,16,0,16,14,0,14,8,0,8,11,0,11,18,2,20,22,1,23,4,0,4
Madagascar,9,0,9,10,0,10,10,0,10,10,0,10,11,1,12,17,0,17,15,3,18,6,0,6
Malawi,7,0,7,5,0,5,2,0,2,3,3,6,10,0,10,4,0,4,11,0,11,2,0,2
Malaysia,113,1,114,76,4,80,73,6,79,42,2,44,90,0,90,74,1,75,103,0,103,17,1,18
"Maldives, Republic of",1,0,1,0,0,0,0,0,0,0,0,0,0,0,0,0,0,0,0,0,0,0,0,0
"Mali, Republic of",31,0,31,24,1,25,21,0,21,16,0,16,60,0,60,53,1,54,41,0,41,13,0,13
Malta,35,1,36,21,0,21,20,0,20,6,2,8,22,0,22,23,0,23,31,0,31,10,1,11
Martinique,4,0,4,0,0,0,3,0,3,3,0,3,3,0,3,4,0,4,3,0,3,1,0,1
Mauritania,9,0,9,7,1,8,1,0,1,7,0,7,10,0,10,23,0,23,27,1,28,2,0,2
Mauritius,46,0,46,30,0,30,26,0,26,30,0,30,33,0,33,23,1,24,42,1,43,10,0,10
Mexico,618,29,647,681,72,753,499,35,534,421,30,451,582,28,610,846,45,891,879,5,884,166,3,169
Moldova,24,9,33,25,0,25,19,0,19,22,0,22,31,0,31,28,0,28,23,1,24,6,0,6
Monaco,6,0,6,2,0,2,2,0,2,4,0,4,9,0,9,10,0,10,5,0,5,2,0,2
"Mongolia, People's Republic of",8,0,8,0,0,0,5,0,5,8,0,8,5,0,5,12,0,12,15,0,15,0,0,0
"Montenegro, Republic of",10,0,10,1,1,2,4,0,4,3,1,4,9,1,10,8,0,8,4,0,4,2,0,2
Morocco,464,2,466,247,5,252,187,1,188,212,3,215,496,2,498,396,6,402,482,2,484,120,0,120
Mozambique,4,0,4,6,0,6,6,0,6,4,0,4,8,0,8,3,0,3,6,0,6,2,0,2
Myanmar (Burma),30,0,30,22,0,22,11,0,11,16,0,16,21,0,21,32,0,32,24,0,24,7,0,7
Namibia,6,0,6,2,1,3,7,0,7,3,0,3,4,0,4,7,0,7,8,0,8,0,0,0
Nepal,25,0,25,23,0,23,18,0,18,11,1,12,34,1,35,19,0,19,35,0,35,7,1,8
New Caledonia,9,0,9,3,1,4,0,0,0,6,0,6,4,0,4,2,0,2,3,0,3,0,0,0
New Zealand,376,2,378,226,2,228,146,3,149,176,2,178,374,5,379,422,2,424,387,0,387,79,0,79
Nicaragua,104,0,104,69,0,69,37,2,39,48,0,48,70,2,72,105,1,106,94,2,96,18,0,18
Nigeria,259,2,261,186,4,190,146,9,155,154,7,161,328,4,332,341,8,349,357,19,376,69,7,76
Norway,134,2,136,102,4,106,54,1,55,69,1,70,107,4,111,97,0,97,121,0,121,34,0,34
Oman,24,0,24,13,0,13,11,0,11,14,0,14,20,0,20,32,0,32,22,0,22,6,0,6
Pakistan,1099,8,1107,659,15,674,489,4,493,641,9,650,1225,10,1235,1162,32,1194,1106,17,1123,230,3,233
Palestinian Authority (Gaza/West Bank),70,0,70,17,1,18,25,0,25,21,0,21,56,0,56,74,3,77,96,3,99,7,0,7
"Mali, Republic of",57,0,57,31,1,32,26,0,26,17,0,17,41,0,41,56,0,56,60,1,61,14,0,14
Papua New Guinea,2,0,2,2,1,3,2,0,2,3,0,3,3,0,3,3,0,3,5,0,5,1,0,1
Paraguay,91,31,122,126,15,141,119,21,140,64,10,74,44,4,48,112,2,114,91,0,91,9,0,9
Peoples Republic of Benin,20,0,20,14,0,14,8,0,8,21,0,21,18,0,18,36,0,36,24,0,24,3,0,3
People's Republic of China,2740,8,2748,1679,25,1704,1271,15,1286,1221,11,1232,1589,7,1596,1846,9,1855,2225,5,2230,525,2,527
Peru,145,4,149,95,1,96,68,5,73,75,3,78,165,6,171,133,7,140,128,0,128,28,2,30
Philippines,1400,9,1409,983,12,995,704,15,719,736,4,740,1261,5,1266,1348,33,1381,1413,8,1421,310,1,311
Poland,458,0,458,316,2,318,176,1,177,174,4,178,306,1,307,252,4,256,264,0,264,22,9,31
Portugal,464,8,472,299,10,309,197,5,202,196,2,198,352,0,352,303,9,312,385,0,385,73,0,73
Puerto Rico,5,0,5,8,0,8,4,0,4,3,0,3,5,0,5,7,0,7,3,0,3,0,0,0
Qatar,125,0,125,93,1,94,55,0,55,87,0,87,245,0,245,153,2,155,151,0,151,37,0,37
Republic of Djibouti,27,1,28,16,0,16,15,0,15,22,0,22,29,1,30,45,0,45,34,0,34,11,0,11
Republic of Indonesia,119,1,120,71,0,71,58,1,59,65,1,66,89,2,91,114,0,114,89,1,90,24,0,24
"Korea, Republic of",313,2,315,199,0,199,124,8,132,152,0,152,324,0,324,253,4,257,288,1,289,69,0,69
"Togo, Republic of",66,0,66,66,2,68,40,0,40,57,2,59,128,1,129,90,3,93,122,4,126,29,0,29
Republic of South Africa,320,6,326,205,10,215,173,15,188,178,8,186,244,9,253,217,13,230,220,4,224,41,0,41
Republic of the Niger,4,0,4,2,0,2,1,1,2,4,0,4,5,0,5,14,0,14,10,0,10,0,0,0
Reunion,1,0,1,2,0,2,1,0,1,2,0,2,3,0,3,1,0,1,1,0,1,0,0,0
Romania,258,1,259,172,1,173,105,1,106,140,0,140,203,1,204,162,0,162,189,0,189,50,1,51
Russia,308,2,310,213,4,217,163,2,165,170,1,171,250,0,250,192,0,192,193,0,193,,,
Rwanda,50,0,50,44,0,44,25,0,25,35,0,35,66,1,67,63,1,64,68,4,72,,,
Saudi Arabia,447,0,447,210,0,210,229,10,239,174,2,176,474,6,480,373,5,378,368,0,368,1,2,3
Senegal,86,1,87,44,2,46,38,0,38,44,1,45,90,7,97,141,2,143,166,3,169,24,0,24
Serbia and Montenegro,111,0,111,63,1,64,41,0,41,53,0,53,50,0,50,40,1,41,65,0,65,8,0,8
"Serbia, Republic of",82,0,82,40,1,41,20,3,23,27,1,28,85,0,85,79,1,80,82,9,91,24,0,24
Seychelles,9,0,9,4,0,4,0,0,0,2,0,2,8,0,8,7,0,7,3,0,3,1,0,1
Sierra Leone,16,0,16,22,0,22,27,0,27,16,1,17,32,0,32,35,2,37,40,0,40,5,0,5
Singapore,201,5,206,115,1,116,102,6,108,119,0,119,248,3,251,192,2,194,174,0,174,39,0,39
Sint-Maarten,0,0,0,0,0,0,0,0,0,1,0,1,2,0,2,3,0,3,0,0,0,0,0,0
Slovak Republic,24,0,24,23,0,23,12,0,12,15,0,15,33,2,35,33,0,33,19,0,19,4,0,4
Slovenia,17,0,17,14,0,14,6,0,6,41,3,44,7,0,7,13,0,13,3,0,3,1,0,1
Socialist Republic of Vietnam,823,1,824,511,6,517,391,4,395,397,3,400,521,2,523,534,2,536,584,6,590,111,0,111
"Somalia, Democratic Republic of",270,0,270,195,8,203,163,5,168,233,2,235,399,4,403,401,13,414,434,13,447,91,2,93
"South Sudan, Republic Of",13,0,13,13,3,16,11,3,14,14,0,14,18,2,20,20,4,24,27,1,28,3,1,4
Spain,246,4,250,145,2,147,88,1,89,121,3,124,270,2,272,216,3,219,206,0,206,60,0,60
Sri Lanka,391,0,391,198,3,201,157,0,157,134,0,134,247,0,247,199,3,202,268,2,270,52,1,53
St. Kitts-Nevis,4,0,4,5,1,6,2,2,4,4,0,4,6,0,6,1,2,3,7,0,7,1,0,1
St. Lucia,21,0,21,15,1,16,15,0,15,12,1,13,16,0,16,21,0,21,16,0,16,5,0,5
St. Vincent and the Grenadines,44,0,44,25,1,26,18,1,19,35,9,44,27,0,27,28,0,28,32,0,32,8,0,8
Stateless,0,0,0,0,0,0,0,0,0,0,0,0,0,0,0,1,0,1,0,0,0,0,0,0
Surinam,7,0,7,6,0,6,2,0,2,3,0,3,5,0,5,3,0,3,2,0,2,2,0,2
Swaziland,1,0,1,1,0,1,2,0,2,0,0,0,1,0,1,4,0,4,4,0,4,0,0,0
Sweden,215,5,220,192,5,197,129,3,132,119,4,123,168,4,172,196,4,200,190,0,190,36,0,36
Switzerland,532,6,538,284,11,295,236,4,240,287,9,296,604,8,612,529,26,555,431,1,432,115,0,115
Syria,106,2,108,74,3,77,66,1,67,71,0,71,155,3,158,196,3,199,179,2,181,34,1,35
Taiwan,1236,0,1236,635,0,635,536,0,536,631,2,633,1056,1,1057,1023,7,1030,935,3,938,259,0,259
Tajikistan,5,0,5,1,0,1,3,0,3,3,0,3,2,0,2,6,0,6,7,1,8,0,0,0
Thailand,238,2,240,149,5,154,137,1,138,124,2,126,218,3,221,193,6,199,194,0,194,32,0,32
The Netherlands,322,0,322,176,0,176,119,1,120,150,2,152,319,3,322,309,9,318,330,1,331,92,0,92
Tibet,1,0,1,1,0,1,0,0,0,1,0,1,1,0,1,0,0,0,2,0,2,0,0,0
"Togo, Republic of",18,0,18,22,1,23,17,0,17,17,0,17,29,0,29,27,0,27,31,1,32,2,0,2
"Trinidad and Tobago, Republic of",290,2,292,164,8,172,136,3,139,144,4,148,208,3,211,228,7,235,258,0,258,61,2,63
Tunisia,113,5,118,86,3,89,49,2,51,58,3,61,126,3,129,109,0,109,115,0,115,37,0,37
Turkey,205,2,207,136,1,137,100,3,103,114,6,120,254,1,255,254,1,255,249,2,251,59,9,68
Turkmenistan,2,0,2,0,0,0,0,0,0,2,0,2,0,0,0,0,0,0,0,0,0,0,0,0
Uganda,71,1,72,69,0,69,73,1,74,52,0,52,91,2,93,127,4,131,114,0,114,34,0,34
Ukraine,218,0,218,182,6,188,135,2,137,133,2,135,273,2,275,118,0,118,161,1,162,37,0,37
Union of Soviet Socialist Republics,60,0,60,47,0,47,37,0,37,35,0,35,35,0,35,23,0,23,43,0,43,11,0,11
United Arab Emirates,702,5,707,431,7,438,377,9,386,484,8,492,1224,11,1235,938,17,955,930,2,932,278,0,278
United Kingdom and Overseas Territories,3256,22,3278,2046,45,2091,1633,50,1683,1833,59,1892,3529,46,3575,3006,100,3106,3190,14,3204,824,4,828
United Republic of Tanzania,79,0,79,48,0,48,28,1,29,44,1,45,80,0,80,52,0,52,68,2,70,4,0,4
United States of America,15560,199,15759,9045,258,9303,7392,219,7611,10586,326,10912,26163,434,26597,19691,683,20374,22413,99,22512,6872,7,6879
Uruguay,29,0,29,21,0,21,17,0,17,23,0,23,24,0,24,29,1,30,26,0,26,7,0,7
Uzbekistan,18,0,18,17,0,17,11,0,11,9,0,9,12,1,13,20,0,20,11,1,12,1,0,1
Venezuela,91,6,97,51,9,60,43,9,52,45,1,46,56,2,58,61,10,71,67,3,70,13,0,13
"Yemen, People's Democratic Republic of",1,0,1,0,0,0,1,0,1,1,0,1,0,0,0,0,0,0,0,0,0,0,0,0
"Yemen, Republic of",19,0,19,23,1,24,17,0,17,18,0,18,20,0,20,35,0,35,22,0,22,7,0,7
Yugoslavia,37,0,37,23,0,23,13,0,13,18,0,18,24,0,24,21,0,21,20,0,20,8,0,8
Zambia,18,0,18,23,1,24,14,0,14,9,9,18,31,1,32,32,2,34,29,9,38,5,0,5
Zimbabwe,63,3,66,39,0,39,26,0,26,42,2,44,51,2,53,41,4,45,56,0,56,8,0,8
Other Countries,668,4,672,477,5,482,300,2,302,399,6,405,1092,6,1098,690,6,696,722,6,728,243,1,244
Grand Total,61350,623,61973,37220,882,38102,28928,719,29647,35780,841,36621,68360,868,69228,59969,1646,61615,63529,452,63981,16732,60,16792
