country,tr_approved,tr_processed,tr_non_approval,tr_approval_rate,tr_non_approval_rate
Total,2815455,4723515,1908060,0.5961,0.4039
Afghanistan,3465,6775,3310,0.5114,0.4886
Albania,4635,6085,1450,0.7617,0.2383
Algeria,45680,92510,46830,0.4938,0.5062
Andorra,20,20,0,1.0000,0.0000
Angola,1690,3640,1950,0.4643,0.5357
Antigua and Barbuda,290,515,225,0.5631,0.4369
Argentina,4040,7605,3565,0.5312,0.4688
Armenia,1270,1985,715,0.6398,0.3602
Aruba,,,,,
Australia,8450,10075,1625,0.8387,0.1613
Austria,465,575,110,0.8087,0.1913
Azerbaijan,2335,5540,3205,0.4215,0.5785
"Bahama Islands, The",1650,2090,440,0.7895,0.2105
Bahrain,470,605,135,0.7769,0.2231
Bangladesh,37720,91565,53845,0.4119,0.5881
Barbados,1290,1555,265,0.8296,0.1704
Belarus,960,1500,540,0.6400,0.3600
Belgium,2375,2880,505,0.8247,0.1753
Belize,495,840,345,0.5893,0.4107
Bermuda,25,30,5,0.8333,0.1667
Bhutan,1215,1720,505,0.7064,0.2936
Bolivia,1940,2840,900,0.6831,0.3169
Bosnia-Hercegovina,700,1115,415,0.6278,0.3722
"Botswana, Republic of",245,460,215,0.5326,0.4674
Brazil,36260,48830,12570,0.7426,0.2574
Brunei,30,40,10,0.7500,0.2500
Bulgaria,210,250,40,0.8400,0.1600
Burkina-Faso,4390,10060,5670,0.4364,0.5636
Burundi,2325,7445,5120,0.3123,0.6877
Cambodia,2985,4290,1305,0.6958,0.3042
Cape Verde Islands,40,95,55,0.4211,0.5789
Cayman Islands,,,,,
Central African Republic,215,520,305,0.4135,0.5865
"Chad, Republic of",1860,4045,2185,0.4598,0.5402
Chile,6815,8765,1950,0.7775,0.2225
Colombia,74020,105290,31270,0.7030,0.2970
Commonwealth of the Northern Mariana Islands,,10,,,
Comoros,120,275,155,0.4364,0.5636
"Congo, Democratic Republic of the",15255,74120,58865,0.2058,0.7942
"Congo, People's Republic of the",1655,4980,3325,0.3323,0.6677
Costa Rica,3165,5270,2105,0.6006,0.3994
Croatia,315,390,75,0.8077,0.1923
Cuba,5675,11730,6055,0.4838,0.5162
Curacao,,,,,
Cyprus,55,60,5,0.9167,0.0833
Czech Republic,1345,1615,270,0.8328,0.1672
Democratic Republic of Sudan,1650,4980,3330,0.3313,0.6687
Denmark,580,665,85,0.8722,0.1278
Dominica,850,1515,665,0.5611,0.4389
Dominican Republic,11840,20325,8485,0.5825,0.4175
"East Timor, Democratic Republic of",20,35,15,0.5714,0.4286
Ecuador,16810,22440,5630,0.7491,0.2509
Egypt,14020,22745,8725,0.6164,0.3836
El Salvador,5330,8235,2905,0.6472,0.3528
Equatorial Guinea,70,200,130,0.3500,0.6500
Eritrea,1450,2405,955,0.6029,0.3971
Estonia,165,195,30,0.8462,0.1538
Ethiopia,7635,18745,11110,0.4073,0.5927
Federal Republic of Cameroon,23200,63765,40565,0.3638,0.6362
Federal Republic of Germany,8155,9290,1135,0.8778,0.1222
Federated States of Micronesia,10,25,15,0.4000,0.6000
Fiji,1455,1960,505,0.7423,0.2577
Finland,355,430,75,0.8256,0.1744
France,41775,49270,7495,0.8479,0.1521
French Polynesia,10,15,5,0.6667,0.3333
Gabon Republic,715,1215,500,0.5885,0.4115
Gambia,925,8125,7200,0.1138,0.8862
Georgia,1645,3020,1375,0.5447,0.4553
Ghana,26300,64515,38215,0.4077,0.5923
Greece,940,1210,270,0.7769,0.2231
Grenada,1185,1625,440,0.7292,0.2708
Guadeloupe,0,0,0,,
Guatemala,28375,31850,3475,0.8909,0.1091
Guinea-Bissau,75,215,140,0.3488,0.6512
"Guinea, Republic of",10005,34370,24365,0.2911,0.7089
Guyana,6390,7835,1445,0.8156,0.1844
Haiti,37265,77740,40475,0.4794,0.5206
Holy See,,5,,,
Honduras,4715,7075,2360,0.6664,0.3336
Hong Kong,12540,15020,2480,0.8349,0.1651
Hungary,1100,1305,205,0.8429,0.1571
Iceland,135,205,70,0.6585,0.3415
India,770110,1211050,440940,0.6359,0.3641
Iran,81610,124430,42820,0.6559,0.3441
Iraq,2425,6625,4200,0.3660,0.6340
Israel,6270,7250,980,0.8648,0.1352
Italy,5335,6535,1200,0.8164,0.1836
Jamaica,44400,66750,22350,0.6652,0.3348
Japan,15210,16730,1520,0.9091,0.0909
Jordan,7410,16640,9230,0.4453,0.5547
Kazakhstan,3620,5005,1385,0.7233,0.2767
Kenya,11510,25650,14140,0.4487,0.5513
Kiribati,10,10,0,1.0000,0.0000
"Korea, People's Democratic Republic of",30,30,0,1.0000,0.0000
"Korea, Republic of",27480,30550,3070,0.8995,0.1005
"Kosovo, Republic of",1175,2105,930,0.5582,0.4418
Kuwait,1510,1720,210,0.8779,0.1221
Kyrgyzstan,635,1015,380,0.6256,0.3744
Laos,325,605,280,0.5372,0.4628
Latvia,165,215,50,0.7674,0.2326
Lebanon,14195,23995,9800,0.5916,0.4084
Lesotho,65,140,75,0.4643,0.5357
Liberia,715,3380,2665,0.2115,0.7885
Libya,1470,2495,1025,0.5892,0.4108
Liechtenstein,0,0,0,,
Lithuania,320,395,75,0.8101,0.1899
Luxembourg,105,120,15,0.8750,0.1250
Macao,820,1020,200,0.8039,0.1961
Macedonia,855,1195,340,0.7155,0.2845
Madagascar,3860,6175,2315,0.6251,0.3749
Malawi,340,850,510,0.4000,0.6000
Malaysia,8550,10420,1870,0.8205,0.1795
"Maldives, Republic of",45,65,20,0.6923,0.3077
"Mali, Republic of",3360,9210,5850,0.3648,0.6352
Malta,30,35,5,0.8571,0.1429
Martinique,0,0,0,,
Mauritania,1150,3585,2435,0.3208,0.6792
Mauritius,4695,7270,2575,0.6458,0.3542
Mexico,126675,184625,57950,0.6861,0.3139
Moldova,895,1150,255,0.7783,0.2217
Monaco,10,10,0,1.0000,0.0000
"Mongolia, People's Republic of",2870,4740,1870,0.6055,0.3945
"Montenegro, Republic of",270,405,135,0.6667,0.3333
Morocco,25025,38825,13800,0.6446,0.3554
Mozambique,185,485,300,0.3814,0.6186
Myanmar (Burma),2335,3705,1370,0.6302,0.3698
Namibia,280,610,330,0.4590,0.5410
Nauru,,,,,
Nepal,27525,44080,16555,0.6244,0.3756
New Caledonia,,5,,,
New Zealand,2485,2960,475,0.8395,0.1605
Nicaragua,2865,4105,1240,0.6979,0.3021
Nigeria,120330,296600,176270,0.4057,0.5943
Norway,345,410,65,0.8415,0.1585
Oman,830,960,130,0.8646,0.1354
Pakistan,42850,130690,87840,0.3279,0.6721
Palestinian Authority (Gaza/West Bank),2745,6970,4225,0.3938,0.6062
"Panama, Republic of",1090,1525,435,0.7148,0.2852
Papua New Guinea,25,35,10,0.7143,0.2857
Paraguay,695,950,255,0.7316,0.2684
People's Republic of China,328800,410685,81885,0.8006,0.1994
Peoples Republic of Benin,3100,7195,4095,0.4309,0.5691
Peru,20370,26710,6340,0.7626,0.2374
Philippines,114035,171105,57070,0.6665,0.3335
Poland,1460,1880,420,0.7766,0.2234
Portugal,2100,2665,565,0.7880,0.2120
Qatar,450,550,100,0.8182,0.1818
Republic of Djibouti,450,980,530,0.4592,0.5408
Republic of Indonesia,14455,17280,2825,0.8365,0.1635
Republic of Ireland,4955,6355,1400,0.7797,0.2203
Republic of Ivory Coast,13830,29900,16070,0.4625,0.5375
Republic of Palau,,10,,,
Republic of South Africa,10775,16225,5450,0.6641,0.3359
Republic of The Marshall Islands,15,30,15,0.5000,0.5000
Republic of the Niger,1040,2440,1400,0.4262,0.5738
Reunion,0,0,0,,
Romania,1745,2090,345,0.8349,0.1651
Russia,11990,17675,5685,0.6784,0.3216
Rwanda,4745,11850,7105,0.4004,0.5996
Saint-Martin,0,,,,
"Samoa, Independent State Of",10,10,0,1.0000,0.0000
San Marino,,,,,
Sao Tome and Principe,10,15,5,0.6667,0.3333
Saudi Arabia,8590,9725,1135,0.8833,0.1167
Senegal,14615,41745,27130,0.3501,0.6499
"Serbia, Republic of",3010,3935,925,0.7649,0.2351
Seychelles,20,70,50,0.2857,0.7143
Sierra Leone,725,2355,1630,0.3079,0.6921
Singapore,645,805,160,0.8012,0.1988
Sint-Maarten,,,,,
Slovak Republic,715,885,170,0.8079,0.1921
Slovenia,75,90,15,0.8333,0.1667
Socialist Republic of Vietnam,46600,70505,23905,0.6609,0.3391
"Solomons, The",20,25,5,0.8000,0.2000
"Somalia, Democratic Republic of",755,1280,525,0.5898,0.4102
"South Sudan, Republic Of",120,360,240,0.3333,0.6667
Spain,4795,5675,880,0.8449,0.1551
Sri Lanka,23865,40010,16145,0.5965,0.4035
St. Kitts-Nevis,275,595,320,0.4622,0.5378
St. Lucia,805,1420,615,0.5669,0.4331
St. Vincent and the Grenadines,750,1160,410,0.6466,0.3534
Stateless,1090,2290,1200,0.4760,0.5240
Surinam,245,325,80,0.7538,0.2462
Swaziland,105,210,105,0.5000,0.5000
Sweden,880,1060,180,0.8302,0.1698
Switzerland,1225,1420,195,0.8627,0.1373
Syria,3190,9240,6050,0.3452,0.6548
Taiwan,6765,7885,1120,0.8580,0.1420
Tajikistan,340,840,500,0.4048,0.5952
Thailand,9255,12770,3515,0.7247,0.2753
The Netherlands,1700,2000,300,0.8500,0.1500
The Netherlands Antilles,0,0,0,,
"Togo, Republic of",3040,7335,4295,0.4145,0.5855
Tonga,10,25,15,0.4000,0.6000
"Trinidad and Tobago, Republic of",5175,7180,2005,0.7208,0.2792
Tunisia,21070,28880,7810,0.7296,0.2704
Turkey,30255,40460,10205,0.7478,0.2522
Turkmenistan,150,425,275,0.3529,0.6471
Turks and Caicos Islands,,,,,
Tuvalu,,,,,
Uganda,6800,16400,9600,0.4146,0.5854
Ukraine,98210,261610,163400,0.3754,0.6246
United Arab Emirates,305,355,50,0.8592,0.1408
United Kingdom and Overseas Territories,18025,21035,3010,0.8569,0.1431
United Republic of Tanzania,2345,5980,3635,0.3921,0.6079
United States of America,15455,19380,3925,0.7975,0.2025
Uruguay,470,815,345,0.5767,0.4233
Uzbekistan,1275,4090,2815,0.3117,0.6883
Vanuatu,70,125,55,0.5600,0.4400
Venezuela,8585,13070,4485,0.6568,0.3432
Western Sahara,,,,,
"Yemen, Republic of",1530,3700,2170,0.4135,0.5865
Zambia,845,1860,1015,0.4543,0.5457
Zimbabwe,4895,10155,5260,0.4820,0.5180
Other*,5430,5990,560,0.9065,0.0935
